{
    "$schema": "https://schema.management.azure.com/schemas/2015-01-01/deploymentTemplate.json#",
    "contentVersion": "1.0.0.0",
    "parameters": {
        "vmName": {
            "type": "string",
            "metadata": {
                "description": "VM Name"
            }
        },
        "customUri": {
            "type": "string",
            "metadata": {
                "description": "Uri for SAP Bits"
            }
        },
        "HANAsubnetRef": {
            "type": "string",
            "metadata": {
                "description": "The Hana subnet reference ID"
            }
        },
        "OperatingSystem": {
            "type": "string",
            "metadata": {
                "description": "Operating system for HANA Machine"
            },
            "defaultValue": "SLES for SAP 12 SP2",
            "allowedValues": [
                "SLES for SAP 12 SP2",
                "RHEL 7.2 for SAP HANA"
            ]
        },
        "vmUserName": {
            "type": "string",
            "metadata": {
                "description": "Username for the Virtual Machine"
            },
            "defaultValue": "testuser"
        },
        "vmPassword": {
            "type": "securestring",
            "metadata": {
                "description": "Password for the Virtual Machine"
            },
            "defaultValue": "Hana07061992!"
        },
        "hanaSid": {
            "type": "string",
            "metadata": {
                "description": "SAP HANA System ID"
            },
            "defaultValue": "H10"
        },
        "hanaNumber": {
            "type": "string",
            "metadata": {
                "description": "SAP HANA Instance Number"
            },
            "defaultValue": "00"
        },       
        "vmSize": {
            "type": "string",
            "metadata": {
                "description": "Size of VM to deploy"
            }
        },
        "IPAllocationMethod": {
            "type": "string",
            "allowedValues" : [
              "Dynamic",
              "Static"
            ],
            "metadata": {
                "description": "IP Allocation Method"
          }
        },
        "StaticIP": {
          "type": "string",
          "metadata": {
            "description": "IP Address for the HANA VM when Static IP Allocation Method has been selected"
          },
          "defaultValue": "10.0.5.4"
        }    
    },
    "variables": {
        "api-version": "2017-06-01",
        "api-version-vm": "2017-03-30",
        "vmPassword": "HANA07061992!",
        "mode": "Push",
        "nicName": "[if(equals(parameters('IPAllocationMethod'),'Static'),concat(parameters('vmName'),'-static'),concat(parameters('vmName'),'-dynamic'))]",
        "subnetRef": "[parameters('HANAsubnetRef')]",
        "OperatingSystemSpec":{
            "imagePublisher":"[if (contains(parameters('OperatingSystem'),'SLES'),'SUSE','RedHat')]",
            "imageOffer":"[if (contains(parameters('OperatingSystem'),'SLES'),'SLES-SAP','RHEL-SAP-HANA')]",
            "sku":"[if (contains(parameters('OperatingSystem'),'12 SP2'),'12-SP2','7.2')]"
        },
        "diskConfig": "[variables(concat('diskConfig_', parameters('vmSize')))]",
        "diskConfig_Standard_M64ms": {
            "shared": 1023,
            "sap": 63,
            "backup": 2047,
            "backup2": 2047,
            "data1": 1023,
            "data2": 1023,
            "data3": 1023
        },
        "diskConfig_Standard_M128s": {
            "shared": 1023,
            "sap": 63,
            "backup": 2047,
            "backup2": 2047,
            "data1": 1023,
            "data2": 1023,
            "data3": 1023
        }
      },
    "resources": [
        {
            "condition": "[equals(parameters('IPAllocationMethod'), 'Dynamic')]",
            "apiVersion": "[variables('api-version')]",
            "type": "Microsoft.Network/networkInterfaces",
            "name": "[concat(parameters('vmName'),'-dynamic')]",
            "location": "[resourceGroup().location]",
            "properties": {
              "ipConfigurations": [
                {
                  "name": "ipconfig1",
                  "properties": {
                    "privateIPAllocationMethod": "Dynamic",
                    "subnet": {
                      "id": "[variables('subnetRef')]"
                    }
                  }
                }
              ]
            }
          },
          {
            "condition": "[equals(parameters('IPAllocationMethod'), 'Static')]",
            "apiVersion": "[variables('api-version')]",
            "type": "Microsoft.Network/networkInterfaces",
            "name": "[concat(parameters('vmName'),'-static')]",
            "location": "[resourceGroup().location]",
            "properties": {
              "ipConfigurations": [
                {
                  "name": "ipconfig1",
                  "properties": {
                    "privateIPAllocationMethod": "Static",
                    "privateIPAddress": "[parameters('StaticIP')]",
                    "subnet": {
                      "id": "[variables('subnetRef')]"
                    }
                  }
                }
              ]
            }
          },
        {
            "type": "Microsoft.Compute/disks",
            "name": "[concat(parameters('vmName'),'-shared')]",
            "apiVersion": "[variables('api-version-vm')]",
            "location": "[resourceGroup().location]",
            "sku": {
                "name": "Standard_LRS",
                "tier": "Standard"
            },
            "properties": {
                "creationData": {
                    "createOption": "Empty"
                },
                "diskSizeGB": "[variables('diskConfig').shared]"
            }
        },
        {
            "type": "Microsoft.Compute/disks",
            "name": "[concat(parameters('vmName'),'-sap')]",
            "apiVersion": "[variables('api-version-vm')]",
            "location": "[resourceGroup().location]",
            "sku": {
                "name": "Standard_LRS",
                "tier": "Standard"
            },
            "properties": {
                "creationData": {
                    "createOption": "Empty"
                },
                "diskSizeGB": "[variables('diskConfig').sap]"
            }
        },
        {
            "type": "Microsoft.Compute/disks",
            "name": "[concat(parameters('vmName'),'-backup1')]",
            "apiVersion": "[variables('api-version-vm')]",
            "location": "[resourceGroup().location]",
            "sku": {
                "name": "Standard_LRS",
                "tier": "Standard"
            },
            "properties": {
                "creationData": {
                    "createOption": "Empty"
                },
                "diskSizeGB": "[variables('diskConfig').backup]"
            }
        },
        {
            "type": "Microsoft.Compute/disks",
            "name": "[concat(parameters('vmName'),'-backup2')]",
            "apiVersion": "[variables('api-version-vm')]",
            "location": "[resourceGroup().location]",
            "sku": {
                "name": "Standard_LRS",
                "tier": "Standard"
            },
            "properties": {
                "creationData": {
                    "createOption": "Empty"
                },
                "diskSizeGB": "[variables('diskConfig').backup2]"
            }
        },
        {
            "type": "Microsoft.Compute/disks",
            "name": "[concat(parameters('vmName'),'-data1')]",
            "apiVersion": "[variables('api-version-vm')]",
            "location": "[resourceGroup().location]",
            "sku": {
                "name": "Premium_LRS",
                "tier": "Premium"
            },
            "properties": {
                "creationData": {
                    "createOption": "Empty"
                },
                "diskSizeGB": "[variables('diskConfig').data1]"
            }
        },
        {
            "type": "Microsoft.Compute/disks",
            "name": "[concat(parameters('vmName'),'-data2')]",
            "apiVersion": "[variables('api-version-vm')]",
            "location": "[resourceGroup().location]",
            "sku": {
                "name": "Premium_LRS",
                "tier": "Premium"
            },
            "properties": {
                "creationData": {
                    "createOption": "Empty"
                },
                "diskSizeGB": "[variables('diskConfig').data2]"
            }
        },
        {
            "type": "Microsoft.Compute/disks",
            "name": "[concat(parameters('vmName'),'-data3')]",
            "apiVersion": "[variables('api-version-vm')]",
            "location": "[resourceGroup().location]",
            "sku": {
                "name": "Premium_LRS",
                "tier": "Premium"
            },
            "properties": {
                "creationData": {
                    "createOption": "Empty"
                },
                "diskSizeGB": "[variables('diskConfig').data3]"
            }
        },
        {
            "apiVersion": "[variables('api-version-vm')]",
            "type": "Microsoft.Compute/virtualMachines",
            "name": "[parameters('vmName')]",
            "location": "[resourceGroup().location]",
            "dependsOn": [
                "[resourceId('Microsoft.Network/networkInterfaces',variables('nicName'))]",
                "[resourceId('Microsoft.Compute/disks/', concat(parameters('vmName'),'-shared'))]",
                "[resourceId('Microsoft.Compute/disks/', concat(parameters('vmName'),'-sap'))]",
                "[resourceId('Microsoft.Compute/disks/', concat(parameters('vmName'),'-backup1'))]",
                "[resourceId('Microsoft.Compute/disks/', concat(parameters('vmName'),'-backup2'))]",
                "[resourceId('Microsoft.Compute/disks/', concat(parameters('vmName'),'-data1'))]",
                "[resourceId('Microsoft.Compute/disks/', concat(parameters('vmName'),'-data2'))]",
                "[resourceId('Microsoft.Compute/disks/', concat(parameters('vmName'),'-data3'))]"
            ],
            "properties": {
                "hardwareProfile": {
                    "vmSize": "[parameters('vmSize')]"
                },
                "osProfile": {
                    "computerName": "[parameters('vmName')]",
                    "adminUsername": "[parameters('vmUserName')]",
                    "adminPassword": "[parameters('vmPassword')]"
                },
                "storageProfile": {
                    "imageReference": {
                        "publisher": "[variables('OperatingSystemSpec').imagePublisher]",
                        "offer": "[variables('OperatingSystemSpec').imageOffer]",
                        "sku": "[variables('OperatingSystemSpec').sku]",
                        "version": "latest"
                    },
                    "osDisk": {
                        "createOption": "FromImage"
                    },
                    "dataDisks": [{
                        "lun": 0,
                        "createOption": "attach",
                        "managedDisk": {
                            "id": "[resourceId('Microsoft.Compute/disks/', concat(parameters('vmName'),'-shared'))]"
                        }
                    },
                    {
                        "lun": 1,
                        "createOption": "attach",
                        "managedDisk": {
                            "id": "[resourceId('Microsoft.Compute/disks/', concat(parameters('vmName'),'-sap'))]"
                        }
                    },
                    {
                        "lun": 2,
                        "createOption": "attach",
                        "managedDisk": {
                            "id": "[resourceId('Microsoft.Compute/disks/', concat(parameters('vmName'),'-backup1'))]"
                        }
                    },
                    {
                        "lun": 3,
                        "createOption": "attach",
                        "managedDisk": {
                            "id": "[resourceId('Microsoft.Compute/disks/', concat(parameters('vmName'),'-backup2'))]"
                        }
                    },
                    {
                        "lun": 4,
                        "createOption": "attach",
                        "managedDisk": {
                            "id": "[resourceId('Microsoft.Compute/disks/', concat(parameters('vmName'),'-data1'))]"
                        }
                    },
                    {
                        "lun": 5,
                        "createOption": "attach",
                        "managedDisk": {
                            "id": "[resourceId('Microsoft.Compute/disks/', concat(parameters('vmName'),'-data2'))]"
                        }
                    },
                    {
                        "lun": 6,
                        "createOption": "attach",
                        "managedDisk": {
                            "id": "[resourceId('Microsoft.Compute/disks/', concat(parameters('vmName'),'-data3'))]"
                        }
                    }
                ]
            },
                "networkProfile": {
                    "networkInterfaces": [{
                        "id": "[resourceId('Microsoft.Network/networkInterfaces',variables('nicName'))]"
                    }]
                }
            },
            "resources": [{
                "name": "scriptextension",
                "type": "extensions",
                "location": "[resourceGroup().location]",
                "apiVersion": "[variables('api-version-vm')]",
                "dependsOn": [
                    "[concat('Microsoft.Compute/virtualMachines/', parameters('vmName'))]"
                ],
                "properties": {
                    "publisher": "Microsoft.Azure.Extensions",
                    "type": "CustomScript",
                    "typeHandlerVersion": "2.0",
                    "autoUpgradeMinorVersion": true,
                    "settings": {
                      "fileUris": [
                        "https://raw.githubusercontent.com/AzureCAT-GSI/SAP-HANA-ARM/master/scripts/large.sh"
                      ],
                        "commandToExecute": "[concat('sh large.sh ', parameters('customUri'), ' ' , parameters('vmUserName'), ' ', parameters('vmPassword'),' ', parameters('HANASID'), ' ', parameters('HANANUMBER'))]"
                    }
                }
            }]
            }
    ],
    "outputs": {}
}